<?xml version="1.0" encoding="UTF-8"?>
<project-private xmlns="http://www.netbeans.org/ns/project-private/1">
    <editor-bookmarks xmlns="http://www.netbeans.org/ns/editor-bookmarks/2" lastBookmarkId="0"/>
    <open-files xmlns="http://www.netbeans.org/ns/projectui-open-files/2">
        <group>
            <file>file:/C:/Users/lucas/OneDrive%20-%20Faculdade%20Dom%20Bosco%20-%20INSPETORIA%20SALESIANA%20SAO%20PIO%20X/Documentos/Programação%20A/Trabalho/T2/ProTrabalho_02/src/questões/questão_14_protrabalho.java</file>
            <file>file:/C:/Users/lucas/OneDrive%20-%20Faculdade%20Dom%20Bosco%20-%20INSPETORIA%20SALESIANA%20SAO%20PIO%20X/Documentos/Programação%20A/Trabalho/T2/ProTrabalho_02/src/questões/questão_19_protrabalho.java</file>
            <file>file:/C:/Users/lucas/OneDrive%20-%20Faculdade%20Dom%20Bosco%20-%20INSPETORIA%20SALESIANA%20SAO%20PIO%20X/Documentos/Programação%20A/Trabalho/T2/ProTrabalho_02/src/questões/questão_17_protrabalho.java</file>
            <file>file:/C:/Users/lucas/OneDrive%20-%20Faculdade%20Dom%20Bosco%20-%20INSPETORIA%20SALESIANA%20SAO%20PIO%20X/Documentos/Programação%20A/Trabalho/T2/ProTrabalho_02/src/questões/questão_13_protrabalho.java</file>
            <file>file:/C:/Users/lucas/OneDrive%20-%20Faculdade%20Dom%20Bosco%20-%20INSPETORIA%20SALESIANA%20SAO%20PIO%20X/Documentos/Programação%20A/Trabalho/T2/ProTrabalho_02/src/questões/questão_15_protrabalho.java</file>
            <file>file:/C:/Users/lucas/OneDrive%20-%20Faculdade%20Dom%20Bosco%20-%20INSPETORIA%20SALESIANA%20SAO%20PIO%20X/Documentos/Programação%20A/Trabalho/T2/ProTrabalho_02/src/questões/questão_16_protrabalho.java</file>
        </group>
    </open-files>
</project-private>
